{
    "Accuracy": 0.9,
    "Precision": 0.9023569023569024,
    "Recall": 0.9,
    "F1 Score": 0.8997493734335841,
    "RMSE": 0.31622776601683794
}